{	"dt": 151.321274,	"rawJson": "{\"key\":2500178}"}
{	"dt": 0.483183,	"rawJson": "{\"key\":2500356}"}